Georgia,Lucknow,Tokyo,New York,London,Sri Lanka,California,Hong Kong
Beijing,Dubai,Tokyo,Hong Kong,Shanghai,Cape Town,California,Sri Lanka,London,Bombay
Beijing,Dubai,Lucknow,Shanghai,New York,California,Sydney,Sri Lanka,London
Beijing,Dubai,Georgia,Lucknow,Tokyo,Cape Town,New York,Sydney,Sri Lanka,Indore,Hong Kong
Beijing,Georgia,Lucknow,Tokyo,Shanghai,New York,London,Sydney,Sri Lanka,California,Hong Kong
Dubai,Georgia,Tokyo,Shanghai,Cape Town,London,Sri Lanka,Bombay
Beijing,Lucknow,Tokyo,Shanghai,Cape Town,New York,California,Hong Kong
Beijing,Dubai,Georgia,Lucknow,Tokyo,Cape Town,New York,California,Sydney,Sri Lanka,Hong Kong
Dubai,Lucknow,Shanghai,New York,London,Sri Lanka,Indore,Hong Kong
Dubai,Georgia,Tokyo,Cape Town,New York,London,Sydney,Sri Lanka,California,Indore,Bombay
Dubai,Georgia,Tokyo,Cape Town,California,Sydney,Sri Lanka,London,Hong Kong
Beijing,Dubai,Georgia,Lucknow,Tokyo,Hong Kong,Shanghai,Sydney,Indore,Bombay
Beijing,Dubai,Georgia,Hong Kong,Cape Town,New York,California,London,Indore,Bombay
Beijing,Dubai,Georgia,Lucknow,Tokyo,Bombay,New York,California,Sri Lanka,Indore,Hong Kong
Beijing,Dubai,Georgia,Cape Town,New York,California,Sydney,Sri Lanka,London,Indore,Bombay
Dubai,Georgia,Tokyo,Shanghai,Cape Town,New York,California,Sydney,Sri Lanka,Indore
Dubai,Tokyo,Hong Kong,Cape Town,New York,London,Sri Lanka,California,Indore,Bombay
Dubai,Georgia,Lucknow,Tokyo,Cape Town,California,Sydney,Indore
Beijing,Dubai,Tokyo,Hong Kong,Shanghai,London,Sydney,Bombay
Lucknow,Tokyo,Bombay,Cape Town,London,Sri Lanka,Indore,Hong Kong
Beijing,Dubai,Georgia,Lucknow,Shanghai,Cape Town,California,Sri Lanka,Indore,Hong Kong
Dubai,Lucknow,Tokyo,Cape Town,New York,London,Sydney,Sri Lanka,California,Indore
Beijing,Dubai,Lucknow,Cape Town,New York,London,California,Indore,Hong Kong
Beijing,Dubai,Georgia,Lucknow,Tokyo,Hong Kong,Cape Town,New York,London,Indore,Bombay
Lucknow,Tokyo,Bombay,New York,London,California,Indore,Hong Kong
Dubai,Georgia,Tokyo,Shanghai,Cape Town,New York,London,Sydney,California,Indore,Bombay
Dubai,Lucknow,Tokyo,Shanghai,Cape Town,New York,California,Indore,Bombay
Beijing,Dubai,Georgia,Lucknow,Tokyo,Shanghai,Cape Town,New York,Sydney,Indore,Bombay
Beijing,Dubai,Georgia,Lucknow,Bombay,Cape Town,California,Sri Lanka,Indore,Hong Kong
Dubai,Georgia,Lucknow,Tokyo,Shanghai,New York,California,Sydney,London,Bombay
Beijing,Georgia,Lucknow,Bombay,Cape Town,California,Sydney,London,Hong Kong
Dubai,Lucknow,Tokyo,Hong Kong,Cape Town,New York,London,Sri Lanka,California,Indore,Bombay
Beijing,Georgia,Shanghai,California,Sydney,Sri Lanka,London,Hong Kong
Dubai,Lucknow,Tokyo,California,Sydney,London,Indore,Hong Kong
Dubai,Georgia,Lucknow,Tokyo,Shanghai,London,Sri Lanka,Hong Kong
Dubai,Georgia,Lucknow,Tokyo,Shanghai,Cape Town,London,Sydney,Sri Lanka,California,Indore
Beijing,Lucknow,Shanghai,New York,London,Sydney,Sri Lanka,Indore,Bombay
Beijing,Dubai,Lucknow,Hong Kong,Shanghai,New York,Sydney,Sri Lanka,Indore,Bombay
Dubai,Georgia,Lucknow,Shanghai,California,Sri Lanka,Indore,Hong Kong
Beijing,Georgia,Lucknow,Tokyo,Shanghai,Cape Town,California,Sri Lanka,Hong Kong
Beijing,Dubai,Georgia,Lucknow,Tokyo,Shanghai,Cape Town,California,Indore
Beijing,Dubai,Lucknow,Tokyo,Hong Kong,Shanghai,New York,Sydney,Sri Lanka,Indore,Bombay
Beijing,Dubai,Georgia,Tokyo,Shanghai,California,Sydney,Sri Lanka,London,Indore,Bombay
Beijing,Dubai,Georgia,Tokyo,Hong Kong,Shanghai,Cape Town,California,Sri Lanka,Bombay
Beijing,Dubai,Georgia,Lucknow,Shanghai,Cape Town,London,Sydney,Sri Lanka,California,Bombay
Beijing,Dubai,Lucknow,Shanghai,Cape Town,New York,California,Sydney,Bombay
Dubai,Lucknow,Tokyo,Shanghai,Cape Town,New York,California,Sydney,Sri Lanka,Indore,Hong Kong
Beijing,Georgia,Lucknow,Tokyo,Cape Town,California,Indore,Bombay
Georgia,Lucknow,Hong Kong,Cape Town,New York,California,Sydney,Sri Lanka,Indore,Bombay
Dubai,Tokyo,Shanghai,Cape Town,New York,London,Sri Lanka,California,Indore,Bombay
Beijing,Dubai,Georgia,Lucknow,Shanghai,New York,California,Sydney,Indore,Hong Kong
Lucknow,Shanghai,London,Sydney,Sri Lanka,California,Indore,Hong Kong
Beijing,Dubai,Georgia,Lucknow,Tokyo,New York,Sydney,Bombay
Beijing,Dubai,Georgia,Tokyo,Hong Kong,Cape Town,New York,California,Sydney,London,Bombay
Beijing,Dubai,Georgia,Tokyo,Bombay,Cape Town,New York,Sydney,Hong Kong
Beijing,Dubai,Georgia,Tokyo,Shanghai,Cape Town,California,Sydney,Sri Lanka,London
Beijing,Georgia,Lucknow,Tokyo,Hong Kong,New York,California,London,Indore,Bombay
Dubai,Georgia,Lucknow,Tokyo,Shanghai,Cape Town,California,Sydney,Sri Lanka,London,Hong Kong
Beijing,Dubai,Lucknow,Tokyo,Bombay,Shanghai,Cape Town,California,Sri Lanka,Hong Kong
Dubai,Georgia,Lucknow,Hong Kong,Shanghai,Cape Town,London,Sydney,Sri Lanka,Bombay
Dubai,Georgia,Lucknow,Tokyo,Hong Kong,New York,London,Sydney,Sri Lanka,California,Bombay
Georgia,Lucknow,Bombay,Cape Town,New York,London,Sydney,Sri Lanka,California,Indore,Hong Kong
Dubai,Georgia,Tokyo,Cape Town,New York,California,London,Indore,Bombay
Beijing,Dubai,Georgia,Lucknow,Tokyo,Cape Town,New York,London,Bombay
Beijing,Dubai,Georgia,Lucknow,Tokyo,Bombay,Cape Town,London,California,Indore,Hong Kong
Dubai,Tokyo,Shanghai,Cape Town,New York,London,Sri Lanka,California,Bombay
Georgia,Lucknow,Tokyo,Cape Town,London,Sri Lanka,Indore,Hong Kong
Beijing,Dubai,Lucknow,Hong Kong,New York,California,Sydney,London,Indore,Bombay
Beijing,Dubai,Georgia,Lucknow,Tokyo,Shanghai,Cape Town,London,Sydney,Hong Kong
Beijing,Lucknow,Tokyo,Shanghai,Cape Town,California,Sydney,Sri Lanka,London,Indore,Hong Kong
Dubai,Lucknow,Tokyo,Cape Town,New York,California,Sydney,Sri Lanka,London,Indore,Hong Kong
Georgia,Tokyo,Hong Kong,Shanghai,New York,London,Sydney,Indore,Bombay
Beijing,Georgia,Lucknow,Bombay,Shanghai,New York,California,Sydney,Sri Lanka,London,Hong Kong
Dubai,Lucknow,Tokyo,Bombay,California,Sri Lanka,London,Hong Kong
Beijing,Dubai,Georgia,Lucknow,Cape Town,New York,London,California,Indore
Beijing,Dubai,Georgia,Cape Town,California,Sri Lanka,London,Indore
Beijing,Dubai,Georgia,Shanghai,Cape Town,New York,California,Sydney,Sri Lanka,Indore,Hong Kong
Dubai,Georgia,Tokyo,Shanghai,Cape Town,London,Sydney,Sri Lanka,California,Bombay
Beijing,Georgia,Lucknow,Tokyo,Cape Town,New York,London,Sydney,Sri Lanka,California,Indore
Dubai,Georgia,Lucknow,Shanghai,Cape Town,London,Sri Lanka,Indore,Bombay
Beijing,Dubai,Georgia,Lucknow,Tokyo,Cape Town,New York,London,Sri Lanka,Indore,Hong Kong
Beijing,Dubai,Georgia,Tokyo,Shanghai,London,Sri Lanka,Bombay
Beijing,Dubai,Georgia,Lucknow,Shanghai,New York,London,Hong Kong
Beijing,Georgia,Lucknow,Shanghai,Cape Town,New York,London,Sydney,Indore,Hong Kong
Beijing,Dubai,Lucknow,Shanghai,London,Sydney,Sri Lanka,California,Indore,Hong Kong
Dubai,Georgia,Lucknow,Tokyo,Shanghai,New York,Sri Lanka,Bombay
Dubai,Georgia,Tokyo,Shanghai,Cape Town,New York,California,Bombay
Dubai,Georgia,Lucknow,Tokyo,Shanghai,New York,London,Sri Lanka,California,Hong Kong
Beijing,Dubai,Georgia,Hong Kong,Cape Town,London,Sydney,Indore,Bombay
Dubai,Tokyo,Shanghai,Cape Town,New York,California,Sri Lanka,Indore,Bombay
Beijing,Dubai,Tokyo,Cape Town,New York,Sydney,Sri Lanka,Bombay
Beijing,Georgia,Lucknow,Bombay,Shanghai,Cape Town,London,Sydney,Sri Lanka,Hong Kong
Beijing,Dubai,Lucknow,Bombay,Cape Town,New York,California,Sri Lanka,Indore,Hong Kong
Beijing,Georgia,Tokyo,Shanghai,New York,California,Sydney,Sri Lanka,London,Indore,Bombay
Dubai,Georgia,Lucknow,Tokyo,Bombay,Shanghai,Cape Town,California,Sydney,Sri Lanka,Hong Kong
Beijing,Dubai,Tokyo,Shanghai,Sydney,Sri Lanka,Indore,Bombay
Dubai,Georgia,Lucknow,Tokyo,Shanghai,Cape Town,New York,London,Sydney
Beijing,Dubai,Georgia,Tokyo,Cape Town,New York,California,Sri Lanka,London,Hong Kong
Beijing,Dubai,Tokyo,Bombay,Cape Town,New York,London,Sri Lanka,Indore,Hong Kong
Beijing,Dubai,Lucknow,Hong Kong,Shanghai,Sri Lanka,Indore,Bombay
